sent_id,mos
1,1.067386507987976
2,1.3033146858215332
3,1.5443682670593262
